{"cameraMode":{"drawMode":0,"name":"Shaded","section":"Shading Mode"},"sceneLighting":true,"audioPlay":false,"sceneViewState":{"m_AlwaysRefresh":false,"showFog":true,"showSkybox":true,"showFlares":true,"showImageEffects":true,"showParticleSystems":true,"showVisualEffectGraphs":true,"m_FxEnabled":true},"in2DMode":false,"pivot":{"x":-1.8329355716705323,"y":1.288949966430664,"z":0.24723196029663087},"rotation":{"x":0.6037834286689758,"y":0.011007224209606648,"z":-0.008340858854353428,"w":0.7970312833786011},"size":9.005768775939942,"orthographic":false}