{"cameraMode":{"drawMode":0,"name":"Shaded","section":"Shading Mode"},"sceneLighting":true,"audioPlay":false,"sceneViewState":{"m_AlwaysRefresh":false,"showFog":true,"showSkybox":true,"showFlares":true,"showImageEffects":true,"showParticleSystems":true,"showVisualEffectGraphs":true,"m_FxEnabled":true},"in2DMode":false,"pivot":{"x":-1.843021273612976,"y":1.1903667449951172,"z":-0.11779642105102539},"rotation":{"x":0.6121188998222351,"y":0.010919040068984032,"z":-0.0084559740498662,"w":0.7906477451324463},"size":11.080913543701172,"orthographic":false}