{"cameraMode":{"drawMode":0,"name":"Shaded","section":"Shading Mode"},"sceneLighting":true,"audioPlay":false,"sceneViewState":{"m_AlwaysRefresh":false,"showFog":true,"showSkybox":true,"showFlares":true,"showImageEffects":true,"showParticleSystems":true,"showVisualEffectGraphs":true,"m_FxEnabled":true},"in2DMode":false,"pivot":{"x":1.5629390478134156,"y":-0.012506484985351563,"z":0.9321509003639221},"rotation":{"x":-0.005048954393714666,"y":0.712785005569458,"z":-0.7013464570045471,"w":-0.005131640937179327},"size":10.389566421508789,"orthographic":false}